index,Formula,Phase,Elem1,Elem2,Elem3,Elem4,Elem5,Elem6,Elem7,Elem8,CantElemen,Compo1,Compo2,Compo3,Compo4,Compo5,Compo6,Compo7,Compo8
26.0,Al33.6Ca66.4,BMG,Al,Ca,0,0,0,0,0,0,2,33.6,66.4,0,0,0,0,0,0
40.0,Al55Ti45,CRA,Al,Ti,0,0,0,0,0,0,2,55,45,0,0,0,0,0,0
52.0,Al80Cu20,CRA,Al,Cu,0,0,0,0,0,0,2,80,20,0,0,0,0,0,0
72.0,Al88Ce12,RMG,Al,Ce,0,0,0,0,0,0,2,88,12,0,0,0,0,0,0
97.0,Al92.5Ca7.5,CRA,Al,Ca,0,0,0,0,0,0,2,92.5,7.5,0,0,0,0,0,0
111.0,Al94Ce6,CRA,Al,Ce,0,0,0,0,0,0,2,94,6,0,0,0,0,0,0
158.0,B20Co80,RMG,B,Co,0,0,0,0,0,0,2,20,80,0,0,0,0,0,0
171.0,B25Mo75,CRA,B,Mo,0,0,0,0,0,0,2,25,75,0,0,0,0,0,0
184.0,B36Co64,RMG,B,Co,0,0,0,0,0,0,2,36,64,0,0,0,0,0,0
187.0,B40Co60,RMG,B,Co,0,0,0,0,0,0,2,40,60,0,0,0,0,0,0
193.0,B54Ni46,CRA,B,Ni,0,0,0,0,0,0,2,54,46,0,0,0,0,0,0
237.0,Co55Zr45,RMG,Co,Zr,0,0,0,0,0,0,2,55,45,0,0,0,0,0,0
238.0,Co70Si30,CRA,Co,Si,0,0,0,0,0,0,2,70,30,0,0,0,0,0,0
286.0,Cu62Zr38,RMG,Cu,Zr,0,0,0,0,0,0,2,62,38,0,0,0,0,0,0
295.0,Cu70Zr30,RMG,Cu,Zr,0,0,0,0,0,0,2,70,30,0,0,0,0,0,0
298.0,Cu75Ti25,CRA,Cu,Ti,0,0,0,0,0,0,2,75,25,0,0,0,0,0,0
304.0,Cu85Ti15,CRA,Cu,Ti,0,0,0,0,0,0,2,85,15,0,0,0,0,0,0
309.0,Fe25Sc75,RMG,Fe,Sc,0,0,0,0,0,0,2,25,75,0,0,0,0,0,0
318.0,Fe75Nd25,RMG,Fe,Nd,0,0,0,0,0,0,2,75,25,0,0,0,0,0,0
359.0,Mg75Zn25,RMG,Mg,Zn,0,0,0,0,0,0,2,75,25,0,0,0,0,0,0
392.0,Ni10Ti90,CRA,Ni,Ti,0,0,0,0,0,0,2,10,90,0,0,0,0,0,0
411.0,Ni50Ta50,RMG,Ni,Ta,0,0,0,0,0,0,2,50,50,0,0,0,0,0,0
427.0,Ni70Ti30,CRA,Ni,Ti,0,0,0,0,0,0,2,70,30,0,0,0,0,0,0
481.0,(Fe0.75Ni0.25)83P17,BMG,Fe,Ni,P,0,0,0,0,0,3,62.25,20.75,17,0,0,0,0,0
496.0,Ag10Mg60Y30,RMG,Ag,Mg,Y,0,0,0,0,0,3,10,60,30,0,0,0,0,0
534.0,Ag24Cu31Fe45,CRA,Ag,Cu,Fe,0,0,0,0,0,3,24,31,45,0,0,0,0,0
545.0,Ag28Cu30Fe42,RMG,Ag,Cu,Fe,0,0,0,0,0,3,28,30,42,0,0,0,0,0
549.0,Ag30Ce10Cu60,RMG,Ag,Ce,Cu,0,0,0,0,0,3,30,10,60,0,0,0,0,0
560.0,Ag31Cu37Fe32,CRA,Ag,Cu,Fe,0,0,0,0,0,3,31,37,32,0,0,0,0,0
564.0,Ag35Al10Mg55,RMG,Ag,Al,Mg,0,0,0,0,0,3,35,10,55,0,0,0,0,0
569.0,Ag35Ce6Cu59,RMG,Ag,Ce,Cu,0,0,0,0,0,3,35,6,59,0,0,0,0,0
582.0,Ag40Ce1Cu59,CRA,Ag,Ce,Cu,0,0,0,0,0,3,40,1,59,0,0,0,0,0
633.0,Ag6.7Pd76.8Si16.5,RMG,Ag,Pd,Si,0,0,0,0,0,3,6.7,76.8,16.5,0,0,0,0,0
662.0,Al10Ce10Cu80,CRA,Al,Ce,Cu,0,0,0,0,0,3,10,10,80,0,0,0,0,0
693.0,Al10La25Ni65,CRA,Al,La,Ni,0,0,0,0,0,3,10,25,65,0,0,0,0,0
709.0,Al10Mg65Zn25,RMG,Al,Mg,Zn,0,0,0,0,0,3,10,65,25,0,0,0,0,0
731.0,Al10Ni70Ti20,CRA,Al,Ni,Ti,0,0,0,0,0,3,10,70,20,0,0,0,0,0
753.0,Al12B34Ni54,RMG,Al,B,Ni,0,0,0,0,0,3,12,34,54,0,0,0,0,0
777.0,Al15Cu25Ti60,RMG,Al,Cu,Ti,0,0,0,0,0,3,15,25,60,0,0,0,0,0
799.0,Al15Mg70Zn15,CRA,Al,Mg,Zn,0,0,0,0,0,3,15,70,15,0,0,0,0,0
807.0,Al15Ni30.6Zr54.4,RMG,Al,Ni,Zr,0,0,0,0,0,3,15,30.6,54.4,0,0,0,0,0
852.0,Al20B22Co58,CRA,Al,B,Co,0,0,0,0,0,3,20,22,58,0,0,0,0,0
886.0,Al20La20Ni60,CRA,Al,La,Ni,0,0,0,0,0,3,20,20,60,0,0,0,0,0
898.0,Al20Mg50Zn30,CRA,Al,Mg,Zn,0,0,0,0,0,3,20,50,30,0,0,0,0,0
931.0,Al24B34Co42,RMG,Al,B,Co,0,0,0,0,0,3,24,34,42,0,0,0,0,0
936.0,Al25Au20La55,RMG,Al,Au,La,0,0,0,0,0,3,25,20,55,0,0,0,0,0
937.0,Al25Ce55Ni20,RMG,Al,Ce,Ni,0,0,0,0,0,3,25,55,20,0,0,0,0,0
938.0,Al25Cr20La55,RMG,Al,Cr,La,0,0,0,0,0,3,25,20,55,0,0,0,0,0
968.0,Al25Ni20Zr55,RMG,Al,Ni,Zr,0,0,0,0,0,3,25,20,55,0,0,0,0,0
986.0,Al28La18Ni54,RMG,Al,La,Ni,0,0,0,0,0,3,28,18,54,0,0,0,0,0
1018.0,Al30La10Ni60,CRA,Al,La,Ni,0,0,0,0,0,3,30,10,60,0,0,0,0,0
1023.0,Al30La30Ni40,RMG,Al,La,Ni,0,0,0,0,0,3,30,30,40,0,0,0,0,0
1031.0,Al30Mg40Zn30,CRA,Al,Mg,Zn,0,0,0,0,0,3,30,40,30,0,0,0,0,0
1033.0,Al30Mg60Zn10,CRA,Al,Mg,Zn,0,0,0,0,0,3,30,60,10,0,0,0,0,0
1056.0,Al34Ni24Zr42,RMG,Al,Ni,Zr,0,0,0,0,0,3,34,24,42,0,0,0,0,0
1084.0,Al40Cu40Ti20,CRA,Al,Cu,Ti,0,0,0,0,0,3,40,40,20,0,0,0,0,0
1093.0,Al40La40Ni20,RMG,Al,La,Ni,0,0,0,0,0,3,40,40,20,0,0,0,0,0
1109.0,Al42La18Ni40,RMG,Al,La,Ni,0,0,0,0,0,3,42,18,40,0,0,0,0,0
1116.0,Al45Cu20Ti35,CRA,Al,Cu,Ti,0,0,0,0,0,3,45,20,35,0,0,0,0,0
1129.0,Al4B18Fe78,RMG,Al,B,Fe,0,0,0,0,0,3,4,18,78,0,0,0,0,0
1133.0,Al4B22Ni74,RMG,Al,B,Ni,0,0,0,0,0,3,4,22,74,0,0,0,0,0
1137.0,Al4B30Ni66,RMG,Al,B,Ni,0,0,0,0,0,3,4,30,66,0,0,0,0,0
1166.0,Al50Ge40Mn10,RMG,Al,Ge,Mn,0,0,0,0,0,3,50,40,10,0,0,0,0,0
1190.0,Al53La34Ni13,RMG,Al,La,Ni,0,0,0,0,0,3,53,34,13,0,0,0,0,0
1219.0,Al55Ni30Zr15,CRA,Al,Ni,Zr,0,0,0,0,0,3,55,30,15,0,0,0,0,0
1244.0,Al5Cu30Zr65,RMG,Al,Cu,Zr,0,0,0,0,0,3,5,30,65,0,0,0,0,0
1291.0,Al60Cu25V15,CRA,Al,Cu,V,0,0,0,0,0,3,60,25,15,0,0,0,0,0
1358.0,Al65Ni15Si20,RMG,Al,Ni,Si,0,0,0,0,0,3,65,15,20,0,0,0,0,0
1377.0,Al68Ge22V10,RMG,Al,Ge,V,0,0,0,0,0,3,68,22,10,0,0,0,0,0
1381.0,Al69Fe6Ge25,RMG,Al,Fe,Ge,0,0,0,0,0,3,69,6,25,0,0,0,0,0
1384.0,Al69Ge25V6,RMG,Al,Ge,V,0,0,0,0,0,3,69,25,6,0,0,0,0,0
1400.0,Al70Ce10Cu20,CRA,Al,Ce,Cu,0,0,0,0,0,3,70,10,20,0,0,0,0,0
1479.0,Al75Cr5Si20,CRA,Al,Cr,Si,0,0,0,0,0,3,75,5,20,0,0,0,0,0
1490.0,Al75La15Ni10,CRA,Al,La,Ni,0,0,0,0,0,3,75,15,10,0,0,0,0,0
1513.0,Al77Cu20V3,CRA,Al,Cu,V,0,0,0,0,0,3,77,20,3,0,0,0,0,0
1519.0,Al78La2Ni20,RMG,Al,La,Ni,0,0,0,0,0,3,78,2,20,0,0,0,0,0
1533.0,Al80Ce10Nb10,RMG,Al,Ce,Nb,0,0,0,0,0,3,80,10,10,0,0,0,0,0
1545.0,Al80Cr10Si10,CRA,Al,Cr,Si,0,0,0,0,0,3,80,10,10,0,0,0,0,0
1554.0,Al80Gd5Ni15,RMG,Al,Gd,Ni,0,0,0,0,0,3,80,5,15,0,0,0,0,0
1559.0,Al80Mn6Ni14,CRA,Al,Mn,Ni,0,0,0,0,0,3,80,6,14,0,0,0,0,0
1577.0,Al81Gd9Ni10,RMG,Al,Gd,Ni,0,0,0,0,0,3,81,9,10,0,0,0,0,0
1607.0,Al83Gd7Ni10,RMG,Al,Gd,Ni,0,0,0,0,0,3,83,7,10,0,0,0,0,0
1646.0,Al85Ca10Fe5,RMG,Al,Ca,Fe,0,0,0,0,0,3,85,10,5,0,0,0,0,0
1671.0,Al85Cu6Y9,RMG,Al,Cu,Y,0,0,0,0,0,3,85,6,9,0,0,0,0,0
1702.0,Al85Ni6Sm9,RMG,Al,Ni,Sm,0,0,0,0,0,3,85,6,9,0,0,0,0,0
1712.0,Al86Co12Fe2,RMG,Al,Co,Fe,0,0,0,0,0,3,86,12,2,0,0,0,0,0
1726.0,Al86Fe2Ni12,RMG,Al,Fe,Ni,0,0,0,0,0,3,86,2,12,0,0,0,0,0
1730.0,Al86Fe6Ni8,CRA,Al,Fe,Ni,0,0,0,0,0,3,86,6,8,0,0,0,0,0
1741.0,Al86Nd6Ni8,RMG,Al,Nd,Ni,0,0,0,0,0,3,86,6,8,0,0,0,0,0
1747.0,Al87.5Ca10Fe2.5,CRA,Al,Ca,Fe,0,0,0,0,0,3,87.5,10,2.5,0,0,0,0,0
1767.0,Al87Co1Ni12,RMG,Al,Co,Ni,0,0,0,0,0,3,87,1,12,0,0,0,0,0
1790.0,Al88Ce10Co2,RMG,Al,Ce,Co,0,0,0,0,0,3,88,10,2,0,0,0,0,0
1896.0,Al8Cu84Nd8,RMG,Al,Cu,Nd,0,0,0,0,0,3,8,84,8,0,0,0,0,0
1918.0,Al90Co2Mn8,CRA,Al,Co,Mn,0,0,0,0,0,3,90,2,8,0,0,0,0,0
1929.0,Al90Co8Ni2,CRA,Al,Co,Ni,0,0,0,0,0,3,90,8,2,0,0,0,0,0
1960.0,Al91Fe2Ni7,CRA,Al,Fe,Ni,0,0,0,0,0,3,91,2,7,0,0,0,0,0
1976.0,Al92Co6Ni2,CRA,Al,Co,Ni,0,0,0,0,0,3,92,6,2,0,0,0,0,0
1988.0,Al93Ce2Mn5,CRA,Al,Ce,Mn,0,0,0,0,0,3,93,2,5,0,0,0,0,0
1994.0,Al94Ce4Fe2,CRA,Al,Ce,Fe,0,0,0,0,0,3,94,4,2,0,0,0,0,0
2000.0,Al94Co4Ni2,CRA,Al,Co,Ni,0,0,0,0,0,3,94,4,2,0,0,0,0,0
2048.0,Au4Pd79Si17,RMG,Au,Pd,Si,0,0,0,0,0,3,4,79,17,0,0,0,0,0
2068.0,Au9Cu21Mg70,RMG,Au,Cu,Mg,0,0,0,0,0,3,9,21,70,0,0,0,0,0
2069.0,Au9Pd75Si16,RMG,Au,Pd,Si,0,0,0,0,0,3,9,75,16,0,0,0,0,0
2071.0,B1.8Ni81.5P16.7,RMG,B,Ni,P,0,0,0,0,0,3,1.8,81.5,16.7,0,0,0,0,0
2080.0,B10C8Ni82,CRA,B,C,Ni,0,0,0,0,0,3,10,8,82,0,0,0,0,0
2118.0,B10Fe72Mo18,RMG,B,Fe,Mo,0,0,0,0,0,3,10,72,18,0,0,0,0,0
2130.0,B10Fe79P11,RMG,B,Fe,P,0,0,0,0,0,3,10,79,11,0,0,0,0,0
2144.0,B10Fe83P7,RMG,B,Fe,P,0,0,0,0,0,3,10,83,7,0,0,0,0,0
2150.0,B10Fe85Nb5,RMG,B,Fe,Nb,0,0,0,0,0,3,10,85,5,0,0,0,0,0
2227.0,B12Co61Mn27,RMG,B,Co,Mn,0,0,0,0,0,3,12,61,27,0,0,0,0,0
2248.0,B12Cu15Fe73,CRA,B,Cu,Fe,0,0,0,0,0,3,12,15,73,0,0,0,0,0
2255.0,B12Fe63Ni25,CRA,B,Fe,Ni,0,0,0,0,0,3,12,63,25,0,0,0,0,0
2325.0,B13Fe82Zr5,RMG,B,Fe,Zr,0,0,0,0,0,3,13,82,5,0,0,0,0,0
2351.0,B14Cr26Fe60,RMG,B,Cr,Fe,0,0,0,0,0,3,14,26,60,0,0,0,0,0
2375.0,B14Fe78Mo8,RMG,B,Fe,Mo,0,0,0,0,0,3,14,78,8,0,0,0,0,0
2376.0,B14Fe78Si8,RMG,B,Fe,Si,0,0,0,0,0,3,14,78,8,0,0,0,0,0
2396.0,B14Fe85Ni1,RMG,B,Fe,Ni,0,0,0,0,0,3,14,85,1,0,0,0,0,0
2468.0,B16Co20Mn64,RMG,B,Co,Mn,0,0,0,0,0,3,16,20,64,0,0,0,0,0
2485.0,B16Co65Mn19,RMG,B,Co,Mn,0,0,0,0,0,3,16,65,19,0,0,0,0,0
2496.0,B16Cr20Fe64,RMG,B,Cr,Fe,0,0,0,0,0,3,16,20,64,0,0,0,0,0
2576.0,B17C8Ni75,CRA,B,C,Ni,0,0,0,0,0,3,17,8,75,0,0,0,0,0
2583.0,B17Co25Fe58,RMG,B,Co,Fe,0,0,0,0,0,3,17,25,58,0,0,0,0,0
2605.0,B17Fe41Ni42,RMG,B,Fe,Ni,0,0,0,0,0,3,17,41,42,0,0,0,0,0
2612.0,B17Fe66.4Ni16.6,RMG,B,Fe,Ni,0,0,0,0,0,3,17,66.4,16.6,0,0,0,0,0
2627.0,B17Fe80.5Ni2.5,RMG,B,Fe,Ni,0,0,0,0,0,3,17,80.5,2.5,0,0,0,0,0
2646.0,B17Ni66.5W16.5,RMG,B,Ni,W,0,0,0,0,0,3,17,66.5,16.5,0,0,0,0,0
2667.0,B18.5Fe75.5Nd6,RMG,B,Fe,Nd,0,0,0,0,0,3,18.5,75.5,6,0,0,0,0,0
2679.0,B18Cr10Fe72,RMG,B,Cr,Fe,0,0,0,0,0,3,18,10,72,0,0,0,0,0
2680.0,B18Cr14Fe68,RMG,B,Cr,Fe,0,0,0,0,0,3,18,14,68,0,0,0,0,0
2724.0,B1Cu30Zr69,RMG,B,Cu,Zr,0,0,0,0,0,3,1,30,69,0,0,0,0,0
2730.0,B1Fe90Zr9,RMG,B,Fe,Zr,0,0,0,0,0,3,1,90,9,0,0,0,0,0
2747.0,B20.5Fe59.5Ni20,RMG,B,Fe,Ni,0,0,0,0,0,3,20.5,59.5,20,0,0,0,0,0
2757.0,B20C8Ni72,CRA,B,C,Ni,0,0,0,0,0,3,20,8,72,0,0,0,0,0
2758.0,B20Co10Fe70,RMG,B,Co,Fe,0,0,0,0,0,3,20,10,70,0,0,0,0,0
2767.0,B20Co37Mn43,RMG,B,Co,Mn,0,0,0,0,0,3,20,37,43,0,0,0,0,0
2769.0,B20Co40Fe40,RMG,B,Co,Fe,0,0,0,0,0,3,20,40,40,0,0,0,0,0
2776.0,B20Co50Cr30,RMG,B,Co,Cr,0,0,0,0,0,3,20,50,30,0,0,0,0,0
2800.0,B20Co72Mn8,RMG,B,Co,Mn,0,0,0,0,0,3,20,72,8,0,0,0,0,0
2806.0,B20Cr10Fe70,RMG,B,Cr,Fe,0,0,0,0,0,3,20,10,70,0,0,0,0,0
2828.0,B20Fe19Zr61,RMG,B,Fe,Zr,0,0,0,0,0,3,20,19,61,0,0,0,0,0
2853.0,B20Fe72W8,RMG,B,Fe,W,0,0,0,0,0,3,20,72,8,0,0,0,0,0
2868.0,B20Fe76P4,RMG,B,Fe,P,0,0,0,0,0,3,20,76,4,0,0,0,0,0
2871.0,B20Fe77.5Si2.5,RMG,B,Fe,Si,0,0,0,0,0,3,20,77.5,2.5,0,0,0,0,0
2890.0,B20Ni72Si8,RMG,B,Ni,Si,0,0,0,0,0,3,20,72,8,0,0,0,0,0
2894.0,B21.5Fe58.5Ni20,RMG,B,Fe,Ni,0,0,0,0,0,3,21.5,58.5,20,0,0,0,0,0
2921.0,B22Fe68Zr10,RMG,B,Fe,Zr,0,0,0,0,0,3,22,68,10,0,0,0,0,0
2956.0,B24Co49.5Mn26.5,RMG,B,Co,Mn,0,0,0,0,0,3,24,49.5,26.5,0,0,0,0,0
2980.0,B25Co65Si10,RMG,B,Co,Si,0,0,0,0,0,3,25,65,10,0,0,0,0,0
2997.0,B25Mo65Si10,RMG,B,Mo,Si,0,0,0,0,0,3,25,65,10,0,0,0,0,0
3009.0,B27Fe36.5Ni36.5,RMG,B,Fe,Ni,0,0,0,0,0,3,27,36.5,36.5,0,0,0,0,0
3018.0,B28C2Ni70,RMG,B,C,Ni,0,0,0,0,0,3,28,2,70,0,0,0,0,0
3041.0,B28Co58Mn14,RMG,B,Co,Mn,0,0,0,0,0,3,28,58,14,0,0,0,0,0
3069.0,B2Fe88Ni10,CRA,B,Fe,Ni,0,0,0,0,0,3,2,88,10,0,0,0,0,0
3077.0,B2Ni81.5P16.5,RMG,B,Ni,P,0,0,0,0,0,3,2,81.5,16.5,0,0,0,0,0
3084.0,B30Ni66Si4,CRA,B,Ni,Si,0,0,0,0,0,3,30,66,4,0,0,0,0,0
3116.0,B38C6Ni56,RMG,B,C,Ni,0,0,0,0,0,3,38,6,56,0,0,0,0,0
3126.0,B40C2Co58,CRA,B,C,Co,0,0,0,0,0,3,40,2,58,0,0,0,0,0
3130.0,B40C8Ni52,RMG,B,C,Ni,0,0,0,0,0,3,40,8,52,0,0,0,0,0
3136.0,B42C14Ni44,RMG,B,C,Ni,0,0,0,0,0,3,42,14,44,0,0,0,0,0
3137.0,B42C16Ni42,RMG,B,C,Ni,0,0,0,0,0,3,42,16,42,0,0,0,0,0
3150.0,B4Cr16Fe80,CRA,B,Cr,Fe,0,0,0,0,0,3,4,16,80,0,0,0,0,0
3190.0,B55C12Ni33,RMG,B,C,Ni,0,0,0,0,0,3,55,12,33,0,0,0,0,0
3202.0,B5Cu20Zr75,RMG,B,Cu,Zr,0,0,0,0,0,3,5,20,75,0,0,0,0,0
3203.0,B5Cu25Zr70,RMG,B,Cu,Zr,0,0,0,0,0,3,5,25,70,0,0,0,0,0
3210.0,B5Cu60Zr35,RMG,B,Cu,Zr,0,0,0,0,0,3,5,60,35,0,0,0,0,0
3246.0,B6Cu1Fe93,CRA,B,Cu,Fe,0,0,0,0,0,3,6,1,93,0,0,0,0,0
3265.0,B6Fe82Nd12,RMG,B,Fe,Nd,0,0,0,0,0,3,6,82,12,0,0,0,0,0
3266.0,B6Fe82P12,RMG,B,Fe,P,0,0,0,0,0,3,6,82,12,0,0,0,0,0
3280.0,B6Fe89Nb5,CRA,B,Fe,Nb,0,0,0,0,0,3,6,89,5,0,0,0,0,0
3299.0,B7.5Fe77.5Si15,RMG,B,Fe,Si,0,0,0,0,0,3,7.5,77.5,15,0,0,0,0,0
3331.0,B8Cr22Fe70,CRA,B,Cr,Fe,0,0,0,0,0,3,8,22,70,0,0,0,0,0
3341.0,B8Fe20Mn72,CRA,B,Fe,Mn,0,0,0,0,0,3,8,20,72,0,0,0,0,0
3364.0,B8Fe82V10,CRA,B,Fe,V,0,0,0,0,0,3,8,82,10,0,0,0,0,0
3477.0,C10Fe82.5P7.5,CRA,C,Fe,P,0,0,0,0,0,3,10,82.5,7.5,0,0,0,0,0
3509.0,C12Mo12Ni76,CRA,C,Mo,Ni,0,0,0,0,0,3,12,12,76,0,0,0,0,0
3523.0,C14Co74Mo12,CRA,C,Co,Mo,0,0,0,0,0,3,14,74,12,0,0,0,0,0
3529.0,C14Fe70W16,CRA,C,Fe,W,0,0,0,0,0,3,14,70,16,0,0,0,0,0
3617.0,C18Cr32Fe50,RMG,C,Cr,Fe,0,0,0,0,0,3,18,32,50,0,0,0,0,0
3646.0,C20Co52Cr28,RMG,C,Co,Cr,0,0,0,0,0,3,20,52,28,0,0,0,0,0
3653.0,C20Co65W15,CRA,C,Co,W,0,0,0,0,0,3,20,65,15,0,0,0,0,0
3659.0,C20Co75Si5,CRA,C,Co,Si,0,0,0,0,0,3,20,75,5,0,0,0,0,0
3665.0,C20Fe66W14,RMG,C,Fe,W,0,0,0,0,0,3,20,66,14,0,0,0,0,0
3666.0,C20Fe68W12,RMG,C,Fe,W,0,0,0,0,0,3,20,68,12,0,0,0,0,0
3692.0,C25Fe65Si10,RMG,C,Fe,Si,0,0,0,0,0,3,25,65,10,0,0,0,0,0
3726.0,C7.5Co82.5W10,CRA,C,Co,W,0,0,0,0,0,3,7.5,82.5,10,0,0,0,0,0
3758.0,Ca45Mg19Cu36,BMG,Ca,Mg,Cu,0,0,0,0,0,3,45,19,36,0,0,0,0,0
3764.0,Ca4Cu37.5La58.5,RMG,Ca,Cu,La,0,0,0,0,0,3,4,37.5,58.5,0,0,0,0,0
3780.0,Ca5Cu10Mg85,CRA,Ca,Cu,Mg,0,0,0,0,0,3,5,10,85,0,0,0,0,0
3784.0,Ca5Mg85Zn10,CRA,Ca,Mg,Zn,0,0,0,0,0,3,5,85,10,0,0,0,0,0
3785.0,Ca5Mg90Zn5,CRA,Ca,Mg,Zn,0,0,0,0,0,3,5,90,5,0,0,0,0,0
3794.0,Ca60Mg15Zn25,BMG,Ca,Mg,Zn,0,0,0,0,0,3,60,15,25,0,0,0,0,0
3806.0,Ca65Mg20Cu15,BMG,Ca,Mg,Cu,0,0,0,0,0,3,65,20,15,0,0,0,0,0
3811.0,Ca6Cu31La63,RMG,Ca,Cu,La,0,0,0,0,0,3,6,31,63,0,0,0,0,0
3822.0,Ca7Cu32La61,RMG,Ca,Cu,La,0,0,0,0,0,3,7,32,61,0,0,0,0,0
3837.0,Ce10Mg85Ni5,RMG,Ce,Mg,Ni,0,0,0,0,0,3,10,85,5,0,0,0,0,0
3850.0,Ce20Mg50Ni30,RMG,Ce,Mg,Ni,0,0,0,0,0,3,20,50,30,0,0,0,0,0
3875.0,Co10Ni71P19,CRA,Co,Ni,P,0,0,0,0,0,3,10,71,19,0,0,0,0,0
3876.0,Co10Ni73P17,CRA,Co,Ni,P,0,0,0,0,0,3,10,73,17,0,0,0,0,0
3901.0,Co2Ni77P21,RMG,Co,Ni,P,0,0,0,0,0,3,2,77,21,0,0,0,0,0
3906.0,Co3.5Ni75.5P21,RMG,Co,Ni,P,0,0,0,0,0,3,3.5,75.5,21,0,0,0,0,0
3926.0,Co54Pd1Zr45,RMG,Co,Pd,Zr,0,0,0,0,0,3,54,1,45,0,0,0,0,0
3951.0,Co70.6Gd14Mo15.4,RMG,Co,Gd,Mo,0,0,0,0,0,3,70.6,14,15.4,0,0,0,0,0
3973.0,Co74W13Zr13,RMG,Co,W,Zr,0,0,0,0,0,3,74,13,13,0,0,0,0,0
4011.0,Co80Cr14Zr6,RMG,Co,Cr,Zr,0,0,0,0,0,3,80,14,6,0,0,0,0,0
4013.0,Co80Mo10Zr10,RMG,Co,Mo,Zr,0,0,0,0,0,3,80,10,10,0,0,0,0,0
4021.0,Co81.5V12Zr6.5,RMG,Co,V,Zr,0,0,0,0,0,3,81.5,12,6.5,0,0,0,0,0
4040.0,Co84W6Zr10,RMG,Co,W,Zr,0,0,0,0,0,3,84,6,10,0,0,0,0,0
4047.0,Co85V5Zr10,RMG,Co,V,Zr,0,0,0,0,0,3,85,5,10,0,0,0,0,0
4054.0,Co87.2Cr6Zr6.8,RMG,Co,Cr,Zr,0,0,0,0,0,3,87.2,6,6.8,0,0,0,0,0
4090.0,Cr20Fe70Zr10,RMG,Cr,Fe,Zr,0,0,0,0,0,3,20,70,10,0,0,0,0,0
4139.0,Cr8Fe72P20,RMG,Cr,Fe,P,0,0,0,0,0,3,8,72,20,0,0,0,0,0
4146.0,Cu10Hf60Ni30,RMG,Cu,Hf,Ni,0,0,0,0,0,3,10,60,30,0,0,0,0,0
4158.0,Cu10Mg75Y15,RMG,Cu,Mg,Y,0,0,0,0,0,3,10,75,15,0,0,0,0,0
4187.0,Cu12.5Pd71Si16.5,RMG,Cu,Pd,Si,0,0,0,0,0,3,12.5,71,16.5,0,0,0,0,0
4191.0,Cu12Pd72.5Si15.5,RMG,Cu,Pd,Si,0,0,0,0,0,3,12,72.5,15.5,0,0,0,0,0
4222.0,Cu15Pd68.5Si16.5,RMG,Cu,Pd,Si,0,0,0,0,0,3,15,68.5,16.5,0,0,0,0,0
4254.0,Cu20Mg50Y30,RMG,Cu,Mg,Y,0,0,0,0,0,3,20,50,30,0,0,0,0,0
4305.0,Cu28La64.5Sr7.5,RMG,Cu,La,Sr,0,0,0,0,0,3,28,64.5,7.5,0,0,0,0,0
4367.0,Cu34Ti44Zr22,CRA,Cu,Ti,Zr,0,0,0,0,0,3,34,44,22,0,0,0,0,0
4369.0,Cu35Hf45Ni20,RMG,Cu,Hf,Ni,0,0,0,0,0,3,35,45,20,0,0,0,0,0
4371.0,Cu35La48Sr17,RMG,Cu,La,Sr,0,0,0,0,0,3,35,48,17,0,0,0,0,0
4381.0,Cu36.4Mg36.4Ca27.2,BMG,Cu,Mg,Ca,0,0,0,0,0,3,36.4,36.4,27.2,0,0,0,0,0
4393.0,Cu37La58Sr5,RMG,Cu,La,Sr,0,0,0,0,0,3,37,58,5,0,0,0,0,0
4394.0,Cu37La59.5Sr3.5,RMG,Cu,La,Sr,0,0,0,0,0,3,37,59.5,3.5,0,0,0,0,0
4443.0,Cu40Ni10Zr50,RMG,Cu,Ni,Zr,0,0,0,0,0,3,40,10,50,0,0,0,0,0
4448.0,Cu40Ni30Zr30,RMG,Cu,Ni,Zr,0,0,0,0,0,3,40,30,30,0,0,0,0,0
4495.0,Cu50Fe10Zr40,RMG,Cu,Fe,Zr,0,0,0,0,0,3,50,10,40,0,0,0,0,0
4531.0,Cu54.1Nb5Zr40.9,RMG,Cu,Nb,Zr,0,0,0,0,0,3,54.1,5,40.9,0,0,0,0,0
4541.0,Cu55Zr40Ga5,BMG,Cu,Zr,Ga,0,0,0,0,0,3,55,40,5,0,0,0,0,0
4547.0,Cu57.5Hf27.5Ti15,BMG,Cu,Hf,Ti,0,0,0,0,0,3,57.5,27.5,15,0,0,0,0,0
4590.0,Cu60Hf25Ti15,BMG,Cu,Hf,Ti,0,0,0,0,0,3,60,25,15,0,0,0,0,0
4614.0,Cu70Ni20Ti10,CRA,Cu,Ni,Ti,0,0,0,0,0,3,70,20,10,0,0,0,0,0
4623.0,Cu8Ni70P22,RMG,Cu,Ni,P,0,0,0,0,0,3,8,70,22,0,0,0,0,0
4730.0,Fe89.946V0.054Zr10,RMG,Fe,V,Zr,0,0,0,0,0,3,89.946,0.054,10,0,0,0,0,0
4765.0,Ge7Pd83Si10,RMG,Ge,Pd,Si,0,0,0,0,0,3,7,83,10,0,0,0,0,0
4766.0,Ge8Nb76Si16,RMG,Ge,Nb,Si,0,0,0,0,0,3,8,76,16,0,0,0,0,0
4783.0,Hf50Si15V35,RMG,Hf,Si,V,0,0,0,0,0,3,50,15,35,0,0,0,0,0
4825.0,Hf70Nb15Si15,RMG,Hf,Nb,Si,0,0,0,0,0,3,70,15,15,0,0,0,0,0
4890.0,La30Mg60Ni10,CRA,La,Mg,Ni,0,0,0,0,0,3,30,60,10,0,0,0,0,0
4909.0,La5Mg85Ni10,RMG,La,Mg,Ni,0,0,0,0,0,3,5,85,10,0,0,0,0,0
4927.0,Mg20Nd60Ni20,RMG,Mg,Nd,Ni,0,0,0,0,0,3,20,60,20,0,0,0,0,0
4928.0,Mg20Nd70Ni10,CRA,Mg,Nd,Ni,0,0,0,0,0,3,20,70,10,0,0,0,0,0
5008.0,Mg67.5Ag22.5Ca10,BMG,Mg,Ag,Ca,0,0,0,0,0,3,67.5,22.5,10,0,0,0,0,0
5021.0,Mg70Ni10Y20,CRA,Mg,Ni,Y,0,0,0,0,0,3,70,10,20,0,0,0,0,0
5093.0,Mg91.5Mn6Y2.5,RMG,Mg,Mn,Y,0,0,0,0,0,3,91.5,6,2.5,0,0,0,0,0
5109.0,Mn3Pd77Si20,RMG,Mn,Pd,Si,0,0,0,0,0,3,3,77,20,0,0,0,0,0
5121.0,Mo15Nb65Si20,RMG,Mo,Nb,Si,0,0,0,0,0,3,15,65,20,0,0,0,0,0
5124.0,Mo20Nb60Si20,RMG,Mo,Nb,Si,0,0,0,0,0,3,20,60,20,0,0,0,0,0
5130.0,Mo48P20Rh32,RMG,Mo,P,Rh,0,0,0,0,0,3,48,20,32,0,0,0,0,0
5180.0,Nb40Si9Zr51,RMG,Nb,Si,Zr,0,0,0,0,0,3,40,9,51,0,0,0,0,0
5229.0,Ni12.5Pd71Si16.5,RMG,Ni,Pd,Si,0,0,0,0,0,3,12.5,71,16.5,0,0,0,0,0
5262.0,Ni24Si6Zr70,RMG,Ni,Si,Zr,0,0,0,0,0,3,24,6,70,0,0,0,0,0
5302.0,Ni33V0.2Zr66.8,RMG,Ni,V,Zr,0,0,0,0,0,3,33,0.2,66.8,0,0,0,0,0
5360.0,Ni59Pd1Ta40,RMG,Ni,Pd,Ta,0,0,0,0,0,3,59,1,40,0,0,0,0,0
5363.0,Ni5P19Pd76,RMG,Ni,P,Pd,0,0,0,0,0,3,5,19,76,0,0,0,0,0
5364.0,Ni5Si10Ti85,CRA,Ni,Si,Ti,0,0,0,0,0,3,5,10,85,0,0,0,0,0
5370.0,Ni60Nb30Ta10,BMG,Ni,Nb,Ta,0,0,0,0,0,3,60,30,10,0,0,0,0,0
5376.0,Ni60V10Zr30,RMG,Ni,V,Zr,0,0,0,0,0,3,60,10,30,0,0,0,0,0
5378.0,Ni63P20Pd17,RMG,Ni,P,Pd,0,0,0,0,0,3,63,20,17,0,0,0,0,0
5381.0,Ni65P20Ti15,RMG,Ni,P,Ti,0,0,0,0,0,3,65,20,15,0,0,0,0,0
5385.0,Ni72P18Ta10,RMG,Ni,P,Ta,0,0,0,0,0,3,72,18,10,0,0,0,0,0
5388.0,Ni75P18W7,RMG,Ni,P,W,0,0,0,0,0,3,75,18,7,0,0,0,0,0
5389.0,Ni75P20Ti5,RMG,Ni,P,Ti,0,0,0,0,0,3,75,20,5,0,0,0,0,0
5395.0,Ni80P18W2,RMG,Ni,P,W,0,0,0,0,0,3,80,18,2,0,0,0,0,0
5408.0,Pd60Cu20P20,BMG,Pd,Cu,P,0,0,0,0,0,3,60,20,20,0,0,0,0,0
5409.0,Pd60Ni15P25,BMG,Pd,Ni,P,0,0,0,0,0,3,60,15,25,0,0,0,0,0
5424.0,Pr55Al25Co20,BMG,Pr,Al,Co,0,0,0,0,0,3,55,25,20,0,0,0,0,0
5443.0,Si15Ti15Zr70,RMG,Si,Ti,Zr,0,0,0,0,0,3,15,15,70,0,0,0,0,0
5461.0,Si15Ti70Zr15,RMG,Si,Ti,Zr,0,0,0,0,0,3,15,70,15,0,0,0,0,0
5465.0,Si15Ti80Zr5,RMG,Si,Ti,Zr,0,0,0,0,0,3,15,80,5,0,0,0,0,0
5479.0,Si25Ti15Zr60,RMG,Si,Ti,Zr,0,0,0,0,0,3,25,15,60,0,0,0,0,0
5501.0,Si50Ti25Zr25,RMG,Si,Ti,Zr,0,0,0,0,0,3,50,25,25,0,0,0,0,0
5509.0,Si5Ti20Zr75,RMG,Si,Ti,Zr,0,0,0,0,0,3,5,20,75,0,0,0,0,0
5512.0,Si60Ti20Zr20,RMG,Si,Ti,Zr,0,0,0,0,0,3,60,20,20,0,0,0,0,0
5516.0,Si65Ti15Zr20,RMG,Si,Ti,Zr,0,0,0,0,0,3,65,15,20,0,0,0,0,0
5523.0,Si70Ti22Zr8,RMG,Si,Ti,Zr,0,0,0,0,0,3,70,22,8,0,0,0,0,0
5571.0,(Cu0.5Zr0.43Al0.07)98Si2,BMG,Cu,Zr,Al,Si,0,0,0,0,4,49.0,42.14,6.86,2,0,0,0,0
5583.0,(Fe0.75B0.15Si0.10)99Zr1,BMG,Fe,B,Si,Zr,0,0,0,0,4,74.25,14.85,9.9,1,0,0,0,0
5611.0,Au52Pd2.3Cu29.2Si16.5,BMG,Au,Pd,Cu,Si,0,0,0,0,4,52,2.3,29.2,16.5,0,0,0,0
5626.0,Ce69.5Al10Cu20Co0.5,BMG,Ce,Al,Cu,Co,0,0,0,0,4,69.5,10,20,0.5,0,0,0,0
5627.0,Ce69.8Al10Cu20Co0.2,BMG,Ce,Al,Cu,Co,0,0,0,0,4,69.8,10,20,0.2,0,0,0,0
5635.0,Cu40Zr40Ag10Al10,BMG,Cu,Zr,Ag,Al,0,0,0,0,4,40,40,10,10,0,0,0,0
5637.0,Cu42Zr42Ag8Al8,BMG,Cu,Zr,Ag,Al,0,0,0,0,4,42,42,8,8,0,0,0,0
5653.0,Cu46Zr42Al7Y5,BMG,Cu,Zr,Al,Y,0,0,0,0,4,46,42,7,5,0,0,0,0
5671.0,Fe55.8Co14.2Nb6B24,BMG,Fe,Co,Nb,B,0,0,0,0,4,55.8,14.2,6,24,0,0,0,0
5679.0,Fe66Co6Y6B22,BMG,Fe,Co,Y,B,0,0,0,0,4,66,6,6,22,0,0,0,0
5713.0,Ho35Y21Al24Co20,BMG,Ho,Y,Al,Co,0,0,0,0,4,35,21,24,20,0,0,0,0
5764.0,Mg60Ni23.6Y0.75La15.65,BMG,Mg,Ni,Y,La,0,0,0,0,4,60,23.6,0.75,15.65,0,0,0,0
5769.0,Mg65Cu20Y10Zn5,BMG,Mg,Cu,Y,Zn,0,0,0,0,4,65,20,10,5,0,0,0,0
5783.0,Ni59Zr20Ti16Sn5,BMG,Ni,Zr,Ti,Sn,0,0,0,0,4,59,20,16,5,0,0,0,0
5795.0,Pd42Cu30Ni10P18,BMG,Pd,Cu,Ni,P,0,0,0,0,4,42,30,10,18,0,0,0,0
5800.0,Pr55Al12Fe30Cu3,BMG,Pr,Al,Fe,Cu,0,0,0,0,4,55,12,30,3,0,0,0,0
5817.0,Ti34Zr11Cu47Ni8,BMG,Ti,Zr,Cu,Ni,0,0,0,0,4,34,11,47,8,0,0,0,0
5819.0,Ti40Zr10Cu32Pd18,BMG,Ti,Zr,Cu,Pd,0,0,0,0,4,40,10,32,18,0,0,0,0
5835.0,Y4Fe72B22Hf2,BMG,Y,Fe,B,Hf,0,0,0,0,4,4,72,22,2,0,0,0,0
5852.0,Zr51Cu20.7Ni12Al16.3,BMG,Zr,Cu,Ni,Al,0,0,0,0,4,51,20.7,12,16.3,0,0,0,0
5886.0,Zr70Al8Cu6Ni16,BMG,Zr,Al,Cu,Ni,0,0,0,0,4,70,8,6,16,0,0,0,0
5889.0,(Ce0.3La0.7)68Al10Cu20Co2,BMG,Ce,La,Al,Cu,Co,0,0,0,5,20.4,47.599999999999994,10,20,2,0,0,0
5908.0,(Zr0.55Al0.20Co0.20Cu0.05)95Ag5,BMG,Zr,Al,Co,Cu,Ag,0,0,0,5,52.25000000000001,19.0,19.0,4.75,5,0,0,0
5911.0,(Zr0.59Ti0.06Cu0.22Ni0.13)84Al16,BMG,Zr,Ti,Cu,Ni,Al,0,0,0,5,49.559999999999995,5.04,18.48,10.92,16,0,0,0
5926.0,[(Fe0.7Co0.3)0.75B0.2Si0.05]96Nb4,BMG,Fe,Co,B,Si,Nb,0,0,0,5,50.39999999999999,21.599999999999998,19.200000000000003,4.800000000000001,4,0,0,0
5932.0,[(Ni0.9Fe0.1)0.75B0.2Si0.05]96Nb4,BMG,Ni,Fe,B,Si,Nb,0,0,0,5,64.80000000000001,7.200000000000001,19.200000000000003,4.800000000000001,4,0,0,0
5993.0,Pr60Al10Ni10Cu12Fe8,BMG,Pr,Al,Ni,Cu,Fe,0,0,0,5,60,10,10,12,8,0,0,0
6009.0,Ti55Zr10Cu9Ni8Be18,BMG,Ti,Zr,Cu,Ni,Be,0,0,0,5,55,10,9,8,18,0,0,0
6051.0,Zr65Al7.5Ni10Cu7.5Pd10,BMG,Zr,Al,Ni,Cu,Pd,0,0,0,5,65,7.5,10,7.5,10,0,0,0
6059.0,Cu47Ti33Zr3Nb8Ni8Si1,BMG,Cu,Ti,Zr,Nb,Ni,Si,0,0,6,47,33,3,8,8,1,0,0
6070.0,Fe63Cr3Mo10P12C7B5,BMG,Fe,Cr,Mo,P,C,B,0,0,6,63,3,10,12,7,5,0,0
6074.0,Fe71Mo2Nb3P12C10B2,BMG,Fe,Mo,Nb,P,C,B,0,0,6,71,2,3,12,10,2,0,0
6078.0,Fe74.0C7.0Si3.3B5.0P8.7Ga2.0,BMG,Fe,C,Si,B,P,Ga,0,0,6,74.0,7.0,3.3,5.0,8.7,2.0,0,0
6092.0,Mg65Cu7.5Ni7.5Ag5Zn5Y10,BMG,Mg,Cu,Ni,Ag,Zn,Y,0,0,6,65,7.5,7.5,5,5,10,0,0
6093.0,Ni39.8Cu5.97Ti15.92Zr27.86Al9.95Si0.5,BMG,Ni,Cu,Ti,Zr,Al,Si,0,0,6,39.8,5.97,15.92,27.86,9.95,0.5,0,0
6099.0,Pt74.7Cu1.5Ag0.3P18B4Si1.5,BMG,Pt,Cu,Ag,P,B,Si,0,0,6,74.7,1.5,0.3,18,4,1.5,0,0
6111.0,Zr45Nb8Cu13Ni4Be22Fe8,BMG,Zr,Nb,Cu,Ni,Be,Fe,0,0,6,45,8,13,4,22,8,0,0
6153.0,Ce65Al12.5Ni12.5Cu10,BMG,Ce,Al,Ni,Cu,0,0,0,0,4,65,12.5,12.5,10,0,0,0,0
6165.0,Fe60Cr10Mo9C10B6Er2Ni3,BMG,Fe,Cr,Mo,C,B,Er,Ni,0,7,60,10,9,10,6,2,3,0
6195.0,(Fe0.9Co0.1)64.75Mo14C15B6Er0.25,BMG,Fe,Co,Mo,C,B,Er,0,0,6,58.275,6.4750000000000005,14,15,6,0.25,0,0
6199.0,(Zr0.55Al0.1Ni0.05Cu0.3)99Y1,BMG,Zr,Al,Ni,Cu,Y,0,0,0,5,54.45,9.9,4.95,29.7,1,0,0,0
6202.0,Cu45Zr46Al9,BMG,Cu,Zr,Al,0,0,0,0,0,3,45,46,9,0,0,0,0,0
6221.0,Fe66Mo10P12C10B2,BMG,Fe,Mo,P,C,B,0,0,0,5,66,10,12,10,2,0,0,0
6232.0,Ni56Co3Nb28Hf8Sn5,BMG,Ni,Co,Nb,Hf,Sn,0,0,0,5,56,3,28,8,5,0,0,0
6263.0,Fe65Cr9Mo8C10B6Er2,BMG,Fe,Cr,Mo,C,B,Er,0,0,6,65,9,8,10,6,2,0,0
6343.0,Fe64Mo14C15B6Dy1,BMG,Fe,Mo,C,B,Dy,0,0,0,5,64,14,15,6,1,0,0,0
6349.0,Fe62.8Co10B13.5Si10Nb3Cu0.7,BMG,Fe,Co,B,Si,Nb,Cu,0,0,6,62.8,10,13.5,10,3,0.7,0,0
6373.0,Fe45Cr16Mo14Nb2C18B5,BMG,Fe,Cr,Mo,Nb,C,B,0,0,6,45,16,14,2,18,5,0,0
